{
  "project_info": {
    "project_number": "366401199669",
    "firebase_url": "https://vdoctor-95e46-default-rtdb.firebaseio.com",
    "project_id": "vdoctor-95e46",
    "storage_bucket": "vdoctor-95e46.appspot.com"
  },
  "client": [
    {
      "client_info": {
        "mobilesdk_app_id": "1:366401199669:android:a0c873a92b8b0814a69b7c",
        "android_client_info": {
          "package_name": "com.asgurav.vdoctor"
        }
      },
      "oauth_client": [
        {
          "client_id": "366401199669-ouddl74gvbqcl4eagkedbeihvgtc16rg.apps.googleusercontent.com",
          "client_type": 3
        }
      ],
      "api_key": [
        {
          "current_key": "AIzaSyDg-AAiHUSRTKz2TAISeXOIDw9mxyBL3dQ"
        }
      ],
      "services": {
        "appinvite_service": {
          "other_platform_oauth_client": [
            {
              "client_id": "366401199669-ouddl74gvbqcl4eagkedbeihvgtc16rg.apps.googleusercontent.com",
              "client_type": 3
            }
          ]
        }
      }
    }
  ],
  "configuration_version": "1"
}